,Unnamed: 0,avg_cos_dist,min_cos_dist,proportion_below_threshold_0,proportion_below_threshold_0.3,proportion_below_threshold_0.5,filename
0,3253_NormalText-INTERVIEW_ONLY_02-04-21I.edited.txt,0.093785449,0,0.504310345,0.918103448,0.978448276,3253_NormalText-INTERVIEW_ONLY_02-04-21I.edited.txt
1,3257_NormalText_INTERVIEW_ONLY_12-17-2020.edited.txt,0.035981739,0,0.635036496,0.97810219,1,3257_NormalText_INTERVIEW_ONLY_12-17-2020.edited.txt
2,2764_NormalText-INTERVIEW_ONLY_10-15-20.edited.txt,0,0,1,1,1,2764_NormalText-INTERVIEW_ONLY_10-15-20.edited.txt
3,3351_NormalText_INTERVIEW_ONLY_07-28-20.edited.txt,0.110776182,0,0.188679245,0.924528302,1,3351_NormalText_INTERVIEW_ONLY_07-28-20.edited.txt
4,3373_NormalText_INTERVIEW_ONLY_03-11-21.edited.txt,0.052715564,0,0.523255814,0.98255814,1,3373_NormalText_INTERVIEW_ONLY_03-11-21.edited.txt
5,3425_NormalText_INTERVIEW_ONLY_01-29-21.edited.txt,0.021841958,0,0.801689461,0.992759453,0.99839099,3425_NormalText_INTERVIEW_ONLY_01-29-21.edited.txt
6,3440_NormalText_INTERVIEW_ONLY_08-07-20.edited.txt,0.037375162,0,0.637795276,0.992125984,1,3440_NormalText_INTERVIEW_ONLY_08-07-20.edited.txt
7,3446_NormalText_INTERVIEW_ONLY_11-05-20.transcript.edited (1).transcript.txt,0.035985546,0,0.729865772,0.981543624,0.993288591,3446_NormalText_INTERVIEW_ONLY_11-05-20.transcript.edited (1).transcript.txt
8,3454_NormalText_INTERVIEW_ONLY_8-10-20.edited.txt,0.024655289,0,0.746701847,0.98944591,1,3454_NormalText_INTERVIEW_ONLY_8-10-20.edited.txt
9,3455_NormalText_INTERVIEW_ONLY_08-05-20.edited.txt,0.057295971,0,0.55511811,0.972440945,1,3455_NormalText_INTERVIEW_ONLY_08-05-20.edited.txt
0,3253_NormalText-INTERVIEW_ONLY_02-04-21I.edited.txt,0.093785449,0,0.504310345,0.918103448,0.978448276,3253_NormalText-INTERVIEW_ONLY_02-04-21I.edited.txt
1,3257_NormalText_INTERVIEW_ONLY_12-17-2020.edited.txt,0.035981739,0,0.635036496,0.97810219,1,3257_NormalText_INTERVIEW_ONLY_12-17-2020.edited.txt
2,2764_NormalText-INTERVIEW_ONLY_10-15-20.edited.txt,0,0,1,1,1,2764_NormalText-INTERVIEW_ONLY_10-15-20.edited.txt
3,3351_NormalText_INTERVIEW_ONLY_07-28-20.edited.txt,0.110776182,0,0.188679245,0.924528302,1,3351_NormalText_INTERVIEW_ONLY_07-28-20.edited.txt
4,3373_NormalText_INTERVIEW_ONLY_03-11-21.edited.txt,0.052715564,0,0.523255814,0.98255814,1,3373_NormalText_INTERVIEW_ONLY_03-11-21.edited.txt
5,3425_NormalText_INTERVIEW_ONLY_01-29-21.edited.txt,0.021841958,0,0.801689461,0.992759453,0.99839099,3425_NormalText_INTERVIEW_ONLY_01-29-21.edited.txt
6,3440_NormalText_INTERVIEW_ONLY_08-07-20.edited.txt,0.037375162,0,0.637795276,0.992125984,1,3440_NormalText_INTERVIEW_ONLY_08-07-20.edited.txt
8,3454_NormalText_INTERVIEW_ONLY_8-10-20.edited.txt,0.024655289,0,0.746701847,0.98944591,1,3454_NormalText_INTERVIEW_ONLY_8-10-20.edited.txt
9,3455_NormalText_INTERVIEW_ONLY_08-05-20.edited.txt,0.057295971,0,0.55511811,0.972440945,1,3455_NormalText_INTERVIEW_ONLY_08-05-20.edited.txt
0,3460_NormalText_INTERVIEW_ONLY_02-26-21.txt,0.074249718,0,0.343065693,0.99270073,0.99270073,3460_NormalText_INTERVIEW_ONLY_02-26-21.txt
1,3461_NormalText_INTERVIEW_ONLY_02-26-2021.edited.txt,0.046445456,0,0.577617329,0.989169675,1,3461_NormalText_INTERVIEW_ONLY_02-26-2021.edited.txt
2,3480_NormalText_INTERVIEW_ONLY_03-31-21.edited.txt,0.035084228,0,0.565217391,1,1,3480_NormalText_INTERVIEW_ONLY_03-31-21.edited.txt
3,3483_NormalText_INTERVIEW_ONLY_08-28-20.edited.txt,0.040884504,0,0.583941606,0.99270073,1,3483_NormalText_INTERVIEW_ONLY_08-28-20.edited.txt
4,3510_NormalText_INTERVIEW_ONLY_8-6-20.edited.txt,0.026142827,0,0.799303944,0.986078886,0.998839907,3510_NormalText_INTERVIEW_ONLY_8-6-20.edited.txt
5,3521_NormalText_INTERVIEW_ONLY_02-03-21.edited.txt,0.060065418,0,0.508322663,0.982074264,0.996158771,3521_NormalText_INTERVIEW_ONLY_02-03-21.edited.txt
6,3536_NormalText_INTERVIEW_ONLY__11-23-20.transcript.txt,0.095638087,0,0.291139241,0.949367089,0.987341772,3536_NormalText_INTERVIEW_ONLY__11-23-20.transcript.txt
7,3538_NormalText_INTERVIEW_ONLY_8-25-20.edited.txt,0.078257215,0,0.373134328,0.970149254,1,3538_NormalText_INTERVIEW_ONLY_8-25-20.edited.txt
8,3545_NormalText_INTERVIEW_ONLY_8-14-20.edited (1).txt,0.103622285,0,0.189873418,0.974683544,1,3545_NormalText_INTERVIEW_ONLY_8-14-20.edited (1).txt
9,3546_NormalText_INTERVIEW_ONLY_02-10-21.edited.txt,0.049747857,0,0.62987013,0.974025974,1,3546_NormalText_INTERVIEW_ONLY_02-10-21.edited.txt
0,3559_NormalText_INTERVIEW_ONLY_10-8-20.edited.txt,0.047470004,0,0.584862385,0.993119266,1,3559_NormalText_INTERVIEW_ONLY_10-8-20.edited.txt
1,3564_NormalText_INTERVIEW_ONLY_8-14-20.edited.txt,0.144658861,0,0.428571429,0.821428571,0.946428571,3564_NormalText_INTERVIEW_ONLY_8-14-20.edited.txt
2,3562_NormalText_INTERVIEW_ONLY_02-03-21.edited.txt,0.044521528,0,0.680203046,0.975344453,0.994198695,3562_NormalText_INTERVIEW_ONLY_02-03-21.edited.txt
3,3572_NormalText_INTERVIEW_ONLY_07-23-20.edited.txt,0.013160419,0,0.5,1,1,3572_NormalText_INTERVIEW_ONLY_07-23-20.edited.txt
4,3574_NormalText_INTERVIEW_ONLY_9-11-20.edited (1).txt,0.032629585,0,0.601609658,0.995975855,1,3574_NormalText_INTERVIEW_ONLY_9-11-20.edited (1).txt
5,3600_NormalText_INTERVIEW_ONLY_04-02-21.edited.txt,0.031454375,0,0.835538752,0.973534972,0.994328922,3600_NormalText_INTERVIEW_ONLY_04-02-21.edited.txt
6,3601_NormalText_INTERVIEW_ONLY_3-25-2021edited.txt,0.058872855,0,0.581580856,0.973168963,0.994923858,3601_NormalText_INTERVIEW_ONLY_3-25-2021edited.txt
7,3603_NormalText_INTERVIEW_ONLY_10-9-20.txt,0.302794978,0,0.097402597,0.493506494,0.844155844,3603_NormalText_INTERVIEW_ONLY_10-9-20.txt
8,3607_NormalText_INTERVIEW_ONLY_02-05-21.edited.txt,0.043920007,0,0.758551308,0.967806841,0.989939638,3607_NormalText_INTERVIEW_ONLY_02-05-21.edited.txt
9,3610_NormalText_INTERVIEW_ONLY_01-19-21.edited.txt,0.093101915,0,0.130434783,0.989130435,0.989130435,3610_NormalText_INTERVIEW_ONLY_01-19-21.edited.txt
0,3622_NormalText_INTERVIEW_ONLY_9-8-20.transcript.edited.txt,0.0629048,0,0.329113924,0.987341772,1,3622_NormalText_INTERVIEW_ONLY_9-8-20.transcript.edited.txt
1,3632_NormalText_INTERVIEW_ONLY_9-16-20.edited.txt,0.056786268,0,0.613682093,0.983903421,0.995975855,3632_NormalText_INTERVIEW_ONLY_9-16-20.edited.txt
2,3633_NormalText_INTERVIEW_ONLY_1-13-21.edited.txt,0.054166053,0,0.474137931,0.99137931,1,3633_NormalText_INTERVIEW_ONLY_1-13-21.edited.txt
3,3642_NormalText_INTERVIEW_ONLY_10-19-20.edited.txt,0.108267381,0,0.206896552,1,1,3642_NormalText_INTERVIEW_ONLY_10-19-20.edited.txt
4,3652_NormalText_INTERVIEW_ONLY_8-31-20.transcript.edited.transcript.txt,0.10994444,0,0.291970803,0.934306569,1,3652_NormalText_INTERVIEW_ONLY_8-31-20.transcript.edited.transcript.txt
5,3657_NormalText_INTERVIEW_ONLY_07-31-20.edited.txt,0.032738738,0,0.78532474,0.983143282,0.995042142,3657_NormalText_INTERVIEW_ONLY_07-31-20.edited.txt
6,3660_NormalText_INTERVIEW_ONLY_02-17-21.edited.txt,0.01089497,0,0.928909953,1,1,3660_NormalText_INTERVIEW_ONLY_02-17-21.edited.txt
7,3661_NormalText_INTERVIEW_ONLY_02-18-21.transcript.edited.transcript.txt,0.073704964,0,0.328519856,0.989169675,1,3661_NormalText_INTERVIEW_ONLY_02-18-21.transcript.edited.transcript.txt
8,3662_NormalText_INTERVIEW_ONLY__8-3-20.transcript.edited.txt,0.094616033,0,0.32231405,0.958677686,1,3662_NormalText_INTERVIEW_ONLY__8-3-20.transcript.edited.txt
9,3663_NormalText_INTERVIEW_ONLY_8-10-20.transcript.edited.txt,0.061544792,0,0.44963145,0.99017199,1,3663_NormalText_INTERVIEW_ONLY_8-10-20.transcript.edited.txt
0,3665_NormalText_INTERVIEW_ONLY_10-12-20.transcript.edited.transcript.txt,0.107543475,0,0.037974684,0.987341772,1,3665_NormalText_INTERVIEW_ONLY_10-12-20.transcript.edited.transcript.txt
1,3672_NormalText_INTERVIEW_ONLY_10-19-20.transcript.edited.transcript.txt,0.030884788,0,0.741477273,0.988636364,0.997159091,3672_NormalText_INTERVIEW_ONLY_10-19-20.transcript.edited.transcript.txt
2,3675_NormalText_INTERVIEW_ONLY_8-28-2020.transcript.edited .transcript.txt,0.081530096,0,0.28358209,0.985074627,1,3675_NormalText_INTERVIEW_ONLY_8-28-2020.transcript.edited .transcript.txt
3,3677_NormalText_INTERVIEW_ONLY_07-24-20.edited.txt,0.200262324,0,0.5,0.5,1,3677_NormalText_INTERVIEW_ONLY_07-24-20.edited.txt
4,3688_NormalText_INTERVIEW_ONLY_10-13-20.edited.txt,0.121599016,0,0.291411043,0.877300613,0.996932515,3688_NormalText_INTERVIEW_ONLY_10-13-20.edited.txt
5,3680_NormalText_INTERVIEW_ONLY_10-05-20.transcript.edited (1).transcript.txt,0.046053153,0,0.534883721,1,1,3680_NormalText_INTERVIEW_ONLY_10-05-20.transcript.edited (1).transcript.txt
6,3692_NormalText_INTERVIEW_ONLY_10-16-20.transcript.edited.transcript.txt,0.053733407,0,0.558139535,0.994186047,1,3692_NormalText_INTERVIEW_ONLY_10-16-20.transcript.edited.transcript.txt
7,3700_NormalText_INTERVIEW_ONLY_2-16-2021.transcript.edited.transcript.txt,0.065731507,0,0.435344828,0.965517241,0.995689655,3700_NormalText_INTERVIEW_ONLY_2-16-2021.transcript.edited.transcript.txt
8,3703_NormalText_INTERVIEW_ONLY_10-7-20.edited.txt,0.068736993,0,0.465909091,0.985795455,1,3703_NormalText_INTERVIEW_ONLY_10-7-20.edited.txt
9,3714_NormalText_INTERVIEW_ONLY_7-24-20.edited.txt,0.043659942,0,0.721518987,0.962025316,0.987341772,3714_NormalText_INTERVIEW_ONLY_7-24-20.edited.txt
0,3715_NormalText_INTERVIEW_ONLY_01-15-21.edited.txt,0.056391419,0,0.423913043,0.989130435,1,3715_NormalText_INTERVIEW_ONLY_01-15-21.edited.txt
1,3716_NormalText_INTERVIEW_ONLY_1-14-21.edited.txt,0.060767364,0,0.421487603,1,1,3716_NormalText_INTERVIEW_ONLY_1-14-21.edited.txt
2,3718__NormalText_INTERVIEW_ONLY_10-12-20.edited.transcript.transcript.txt,0.060981664,0,0.512931034,0.969827586,1,3718__NormalText_INTERVIEW_ONLY_10-12-20.edited.transcript.transcript.txt
3,3721_NormalText_INTERVIEW_ONLY_02-08-21.edited.txt,0.048798603,0,0.530674847,0.990797546,0.996932515,3721_NormalText_INTERVIEW_ONLY_02-08-21.edited.txt
4,3722_NormalText_INTERVIEW_ONLY_3-1-2021.txt.edited.txt,0.089529644,0,0.43928036,0.952023988,0.997001499,3722_NormalText_INTERVIEW_ONLY_3-1-2021.txt.edited.txt
5,3724_NormalText_INTERVIEW_ONLY_7-30-20.edited.transcript.txt,0.019621757,0,0.89314845,0.984502447,0.997553018,3724_NormalText_INTERVIEW_ONLY_7-30-20.edited.transcript.txt
6,3731_NormalText.INTERVIEW_ONLY_edited.txt,0.024244242,0,0.785104202,0.991458832,0.999316707,3731_NormalText.INTERVIEW_ONLY_edited.txt
7,3734_Interview_NormalText_INTERVIEW_ONLY_10-09-20.edited.transcript (1).transcript.txt,0.085941384,0,0.445652174,0.967391304,1,3734_Interview_NormalText_INTERVIEW_ONLY_10-09-20.edited.transcript (1).transcript.txt
8,3735_NormalText_INTERVIEW_ONLY_8-28-20.transcript.edited.transcript.txt,0.07190098,0,0.347708895,0.991913747,1,3735_NormalText_INTERVIEW_ONLY_8-28-20.transcript.edited.transcript.txt
9,3738_NormalText_INTERVIEW_ONLY_8-5-20.transcript.edited.transcript.txt,0.114813209,0,0.181818182,0.935064935,1,3738_NormalText_INTERVIEW_ONLY_8-5-20.transcript.edited.transcript.txt
0,3744_Consent_NormalText_INTERVIEW_ONLY_10-09-20.edited.transcript.transcript.txt,0.159840856,0,0.25,0.75,1,3744_Consent_NormalText_INTERVIEW_ONLY_10-09-20.edited.transcript.transcript.txt
1,3746_NormalText_INTERVIEW_ONLY_11-13-20.edited.txt,0.070077834,0,0.465968586,0.958115183,1,3746_NormalText_INTERVIEW_ONLY_11-13-20.edited.txt
2,3747__NormalText_INTERVIEW_ONLY_11-13-20.edited.transcript.transcript.txt,0.170480694,0,0.090909091,0.727272727,1,3747__NormalText_INTERVIEW_ONLY_11-13-20.edited.transcript.transcript.txt
3,3758_NormalText_INTERVIEW_ONLY_8-11-20.transcript.edited (1).transcript.txt,0.076885215,0,0.423913043,0.967391304,1,3758_NormalText_INTERVIEW_ONLY_8-11-20.transcript.edited (1).transcript.txt
4,3760_NormalText_INTERVIEW_ONLY_12-14-2020.edited.txt,0.06791281,0,0.75,1,1,3760_NormalText_INTERVIEW_ONLY_12-14-2020.edited.txt
5,3763_NormalText_INTERVIEW_ONLY_8-11-20.transcript.edited .txt,0.243038104,0,0.041884817,0.670157068,0.958115183,3763_NormalText_INTERVIEW_ONLY_8-11-20.transcript.edited .txt
6,3765_NormalText_INTERVIEW_ONLY_8-3-20.edited.transcript.txt,0.031726056,0,0.726892355,0.992392545,0.999239254,3765_NormalText_INTERVIEW_ONLY_8-3-20.edited.transcript.txt
7,3766_NormalText_INTERVIEW_ONLY_8-3-20.edited.transcript.txt,0.034939352,0,0.780700853,0.977700134,0.997019834,3766_NormalText_INTERVIEW_ONLY_8-3-20.edited.transcript.txt
8,3768_NormalText_INTERVIEW_ONLY_8-21-20. transcript.edited.txt,0.052848548,0,0.518465909,0.991477273,0.998579545,3768_NormalText_INTERVIEW_ONLY_8-21-20. transcript.edited.txt
9,3773_INTERVIEW_ONLY_9-3-20.transcript.edited.txt,0.084598773,0,0.398671096,0.96345515,1,3773_INTERVIEW_ONLY_9-3-20.transcript.edited.txt
0,3774_NormalText_INTERVIEW_ONLY_9-14-20.edited.transcript.transcript.txt,0.046699703,0,0.533733133,0.994002999,0.99850075,3774_NormalText_INTERVIEW_ONLY_9-14-20.edited.transcript.transcript.txt
1,3781_NormalText_INTERVIEW_ONLY_10-21-20.transcript.txt,0.057075195,0,0.573863636,0.974431818,0.998579545,3781_NormalText_INTERVIEW_ONLY_10-21-20.transcript.txt
2,3784_NormalText_INTERVIEW_ONLY_09-18-20.edited.txt,0.081911285,0,0.486486486,0.918918919,0.972972973,3784_NormalText_INTERVIEW_ONLY_09-18-20.edited.txt
3,3795_NormalText_INTERVIEW_ONLY_11-17-20 (1).transcript.txt,0.08433046,0,0.306569343,0.99270073,1,3795_NormalText_INTERVIEW_ONLY_11-17-20 (1).transcript.txt
4,3797_NormalText_INTERVIEW_ONLY_11-19-20.transcript.txt,0.138296175,0,0.543478261,0.815217391,0.956521739,3797_NormalText_INTERVIEW_ONLY_11-19-20.transcript.txt
5,3798_NormalText_INTERVIEW_ONLY_11-20-20 (1).transcript.txt,0.09487913,0,0.256198347,0.966942149,1,3798_NormalText_INTERVIEW_ONLY_11-20-20 (1).transcript.txt
6,3799_NormalText_INTERVIEW_ONLY_11-20-20.edited.txt,0.065378233,0,0.75,1,1,3799_NormalText_INTERVIEW_ONLY_11-20-20.edited.txt
7,3801_NormalText.INTERVIEW_ONLY_edited.txt,0.044658611,0,0.61136891,0.984918794,0.997679814,3801_NormalText.INTERVIEW_ONLY_edited.txt
8,3802_NormalText_INTERVIEW_ONLY_11-18-20.transcript.txt,0.041162322,0,0.620689655,0.992503748,0.99850075,3802_NormalText_INTERVIEW_ONLY_11-18-20.transcript.txt
9,3803_NormalText_INTERVIEW_ONLY_01-08-21.edited.txt,0.048875182,0,0.721590909,0.964488636,0.987215909,3803_NormalText_INTERVIEW_ONLY_01-08-21.edited.txt
0,3811_NormalText_INTERVIEW_ONLY_03-05-21.edited.txt,0.140404207,0,0.0625,1,1,3811_NormalText_INTERVIEW_ONLY_03-05-21.edited.txt
1,3816_NormalText_INTERVIEW_ONLY_09-25-20.edited.txt,0.015474527,0,0.818181818,1,1,3816_NormalText_INTERVIEW_ONLY_09-25-20.edited.txt
2,3820_NormalText_INTERVIEW_ONLY_11-11-20.edited.txt,0.07661167,0,0.586206897,0.965517241,1,3820_NormalText_INTERVIEW_ONLY_11-11-20.edited.txt
3,3823_NormalText_INTERVIEW_ONLY_10-20-2020.transcript.txt,0.05843897,0,0.567353407,0.966719493,0.995245642,3823_NormalText_INTERVIEW_ONLY_10-20-2020.transcript.txt
4,3838_NormalText_INTERVIEW_ONLY_07-30-20.edited (1).txt,0.151769885,0,0.103448276,0.827586207,1,3838_NormalText_INTERVIEW_ONLY_07-30-20.edited (1).txt
5,3851_NormalText_INTERVIEW_ONLY_01-22-21.edited.txt,0.111843574,0,0.249169435,0.946843854,1,3851_NormalText_INTERVIEW_ONLY_01-22-21.edited.txt
6,8207_NormalText_INTERVIEW_ONLY_10-05-20.transcript.txt,0.173370999,0,0.25,0.8125,0.9375,8207_NormalText_INTERVIEW_ONLY_10-05-20.transcript.txt
7,8218_NormalText_INTERVIEW_ONLY_-07-23-20.edited.txt,0.207576464,0,0.034482759,0.793103448,0.931034483,8218_NormalText_INTERVIEW_ONLY_-07-23-20.edited.txt
8,8264_NormalText_INTERVIEW_ONLY_9-17-20.edited.transcript.txt,0.06297371,0,0.329842932,0.994764398,1,8264_NormalText_INTERVIEW_ONLY_9-17-20.edited.transcript.txt
9,0040_NormalText_INTERVIEW_ONLY_08-04-20.edited.txt,0.110071107,0,0.347826087,0.945652174,0.989130435,0040_NormalText_INTERVIEW_ONLY_08-04-20.edited.txt
0,3745_NormalText_INTERVIEW_ONLY_07-28-20.edited.txt,0,0,1,1,1,3745_NormalText_INTERVIEW_ONLY_07-28-20.edited.txt
